CodiceCatastale;CodiceIstat;CodiceVia;DUG;DUF;CAP;QuartiereSobborgo
A182;6003;21505;Borgo;Citta' Nuova;15121;Pista
A182;6003;29414;Case Sparse;Cristo;15121;Norberto Rosa
A182;6003;29403;Case Sparse;Europista;15121;Europa
A182;6003;29425;Case Sparse;Orti;15121;Orti
A182;6003;1201;Corso;Acqui;15121;Cristo
A182;6003;15400;Corso;Alfonso Lamarmora;15121;Centro
A182;6003;17600;Corso;Carlo Marx;15121;Cristo
A182;6003;8404;Corso;Cento Cannoni;15121;Centro
A182;6003;9603;Corso;Crimea;15121;Centro
A182;6003;8206;Corso;Felice Cavallotti;15121;Centro
A182;6003;25502;Corso;Giuseppe Romita;15121;Europa
A182;6003;20103;Corso;Monferrato;15121;Centro
A182;6003;15301;Corso;Quattro Novembre;15121;Pista
A182;6003;25401;Corso;Roma;15121;Centro
A182;6003;4602;Corso;Teresio Borsalino;15121;Pista
A182;6003;33303;Corso;Venti Settembre;15121;Pista
A182;6003;17204;Corso;Virginia Marini;15121;Centro
A182;6003;62763;Largo;6 Novembre 1994;15121;Orti
A182;6003;68821;Largo;Ai Caduti Della Battaglia Di Marengo;15122;Spinetta Marengo
A182;6003;34001;Largo;Carlo Arlanti;15122;Cantalupo
A182;6003;8107;Largo;Catania;15121;Orti
A182;6003;3603;Largo;Leonardo Bistolfi;15121;Centro
A182;6003;62716;Largo;Maestri Del Lavoro D'Italia;15121;Centro
A182;6003;62706;Largo;Monsignor Quinto Gho;15122;Spinetta Marengo
A182;6003;62800;Largo;Museo Del Ferro;15121;Centro
A182;6003;32304;Largo;Vicenza;15121;Centro
A182;6003;35604;Localita';Cascinali San Pietro;15122;Casalbagliano
A182;6003;43708;Localita';Cascinali Stampa;15122;Lobbi
A182;6003;29700;Lungo;Tanaro Magenta;15121;Orti
A182;6003;29801;Lungo;Tanaro San Martino;15121;Centro
A182;6003;29854;Lungo;Tanaro Solferino;15121;Centro
A182;6003;100040;Parcheggio;Pietro Caramello;15121;Centro
A182;6003;100016;Passeggiata;Antonino Candido Marco Triches E Matteo Gastaldo;15121;Pista
A182;6003;100041;Passeggiata;Guido Barberis;15121;Pista
A182;6003;62705;Passeggiata;Madre Carolina Beltrami;15121;Centro
A182;6003;62766;Piazza;11 Settembre 2001;15122;Cantalupo
A182;6003;62751;Piazza;Adolfo Baloncieri;15122;Castelceriolo
A182;6003;62821;Piazza;Annibale Caretta;15122;Lobbi
A182;6003;62708;Piazza;Beata Vergine Immacolata;15122;Spinetta Marengo
A182;6003;13354;Piazza;Bruno Mantelli;15121;Europa
A182;6003;62778;Piazza;Caduti Di Nassiriya;15121;Pista
A182;6003;62806;Piazza;Caduti Di Tutte Le Guerre;15122;San Giuliano Nuovo
A182;6003;62779;Piazza;Carlo Boccassi;15121;Norberto Rosa
A182;6003;30553;Piazza;Carlo Torriani;15121;Galimberti
A182;6003;62711;Piazza;Cavalieri Di Vittorio Veneto;15122;San Michele
A182;6003;47502;Piazza;Cesare Battisti In San Giuliano Vecchio;15122;San Giuliano Vecchio
A182;6003;62712;Piazza;Decorati Al Valor Militare;15121;Centro
A182;6003;13365;Piazza;Della Gambarina;15121;Centro
A182;6003;15905;Piazza;Della Liberta';15121;Centro
A182;6003;62707;Piazza;Dell'Aeronautica;15121;Cristo
A182;6003;11404;Piazza;Divina Provvidenza;15121;Orti
A182;6003;29304;Piazza;Don Amilcare Soria;15121;Centro
A182;6003;62807;Piazza;Don Mario Lombardi;15122;Litta Parodi
A182;6003;9801;Piazza;Eugenio Curiel;15121;Spinetta Marengo
A182;6003;62801;Piazza;Fabrizio De Andre';15121;Orti
A182;6003;31305;Piazza;Filippo Turati;15121;Centro
A182;6003;10102;Piazza;Gabriele D'Annunzio;15121;Pista
A182;6003;18018;Piazza;Giacomo Matteotti;15121;Centro
A182;6003;62727;Piazza;Giorgio Ambrosoli;15121;Centro
A182;6003;7205;Piazza;Giosue' Carducci;15121;Centro
A182;6003;62719;Piazza;Giovanni Barrera;15122;Spinetta Marengo
A182;6003;56001;Piazza;Giovanni Dossena In Valle San Bartolomeo;15122;Valle San Bartolomeo
A182;6003;62713;Piazza;Giovanni Maino;15122;Spinetta Marengo
A182;6003;62724;Piazza;Giovanni Palatucci;15121;Norberto Rosa
A182;6003;14300;Piazza;Giovanni Ventitreesimo;15121;Centro
A182;6003;36102;Piazza;Giuseppe Belleno;15122;Cascinagrossa
A182;6003;13503;Piazza;Giuseppe Garibaldi;15121;Centro
A182;6003;16904;Piazza;Guglielmo Marconi;15121;Centro
A182;6003;100030;Piazza;Guido Gonella;15121;Norberto Rosa
A182;6003;23100;Piazza;Lorenzo Perosi;15121;Orti
A182;6003;8503;Piazza;Luigi Ceriana;15121;Cristo
A182;6003;62703;Piazza;Madre Teresa Di Calcutta;15121;Centro
A182;6003;62776;Piazza;Marinai D'Italia;15121;Centro
A182;6003;10203;Piazza;Massimo D'Azeglio;15121;Centro
A182;6003;62733;Piazza;Mayno Della Spinetta;15122;Spinetta Marengo
A182;6003;18502;Piazza;Mentana;15121;Pista
A182;6003;62735;Piazza;Natale Vazzana;15122;Spinetta Marengo
A182;6003;2824;Piazza;Nicola Basile;15121;Galimberti
A182;6003;100034;Piazza;Nilde Iotti;15121;Cristo
A182;6003;32450;Piazza;Oreste Villa;15121;Pista
A182;6003;62805;Piazza;Osvaldo Laurini;15121;Cristo
A182;6003;62762;Piazza;Otto Marzo;15121;Norberto Rosa
A182;6003;42800;Piazza;Paolo Franzini Tibaldeo;15122;Lobbi
A182;6003;22154;Piazza;Pelizza Da Volpedo;15121;Galimberti
A182;6003;14502;Piazza;Piero Gobetti;15121;Centro
A182;6003;62702;Piazza;Principessa Mafalda Di Savoia;15121;Pista
A182;6003;62769;Piazza;Renzo Isbiglio;15121;Cristo
A182;6003;62747;Piazza;Salvador Allende;15121;Cristo
A182;6003;62747;Piazza;Salvador Allende;15121;Cristo
A182;6003;27203;Piazza;San Rocco;15121;Centro
A182;6003;3751;Piazza;San Rocco In Cascinagrossa;15122;Cascinagrossa
A182;6003;62754;Piazza;Sandro Pertini;15121;Norberto Rosa
A182;6003;27803;Piazza;Santa Maria Di Castello;15121;Centro
A182;6003;28006;Piazza;Santo Stefano;15121;Centro
A182;6003;29007;Piazza;Scuole;15121;Cristo
A182;6003;31406;Piazza;Valfre';15121;Centro
A182;6003;62786;Piazza;Valter Rivera;15121;Cristo
A182;6003;62783;Piazza;Vittime Della Repressione Del Maggio 1898;15121;Cristo
A182;6003;68837;Piazza;Vittorio Bellotti;15121;Cristo
A182;6003;32809;Piazza;Vittorio Veneto;15121;Centro
A182;6003;62760;Piazza;Walter Audisio;15121;Centro
A182;6003;68838;Piazzale;Alba Iulia;15121;Borgo Cittadella
A182;6003;100038;Piazzale;Antonio Marino E Calogero Zucchetto;15121;Cristo
A182;6003;100014;Piazzale;Antonio Martano;15121;Norberto Rosa
A182;6003;100010;Piazzale;Domenico Balza;15122;Litta Parodi
A182;6003;62755;Piazzale;Enrico Berlinguer;15121;Galimberti
A182;6003;68822;Piazzale;Ferruccio Ravazzoni;15122;Borgo Cittadella
A182;6003;68820;Piazzale;Francois Christophe Kellerman;15122;Spinetta Marengo
A182;6003;100023;Piazzale;Giacomo E Gianfranco Bottino;15121;Pista
A182;6003;100015;Piazzale;Giorgio Maggi;15121;Europa
A182;6003;100011;Piazzale;Giuseppe Cornara;15121;Pista
A182;6003;100019;Piazzale;Giuseppe Pozzi;15122;Spinetta Marengo
A182;6003;100012;Piazzale;Grazia Deledda;15121;Europa
A182;6003;52618;Piazzale;Guido Donegani;15122;Spinetta Marengo
A182;6003;100013;Piazzale;Ignazio Gardella;15121;Pista
A182;6003;100032;Piazzale;Italiani Emigrati Nel Mondo;15121;Europa
A182;6003;100039;Piazzale;Raffaele Iozzino E Giulio Rivera;15121;Cristo
A182;6003;100020;Piazzale;Vittime Della Strada;15121;Galimberti
A182;6003;3401;Piazzetta;Andrea Bini;15121;Centro
A182;6003;100033;Piazzetta;Artisti Alessandrini;15121;Cristo
A182;6003;100024;Piazzetta;Caduti Nella Battaglia Di Nikolajeva;15121;Centro
A182;6003;15653;Piazzetta;Della Lega;15121;Centro
A182;6003;100029;Piazzetta;Giuseppe Cotroneo;15121;Norberto Rosa
A182;6003;20204;Piazzetta;Monserrato;15121;Centro
A182;6003;27601;Piazzetta;Santa Lucia;15121;Centro
A182;6003;100031;Ponte;Karlovac;15121;Centro
A182;6003;57156;Salita;Eraldo Rossi In Valle San Bartolomeo;15122;Valle San Bartolomeo
A182;6003;57157;Salita;Mario Pizzo;15122;Valle San Bartolomeo
A182;6003;100009;Sottopasso;Marco Bocchio;15121;Cristo
A182;6003;4400;Spalto;Borgoglio;15121;Centro
A182;6003;13402;Spalto;Gamondio;15121;Centro
A182;6003;17105;Spalto;Marengo;15121;Centro
A182;6003;26004;Spalto;Rovereto;15121;Centro
A182;6003;34155;Strada;Acqui Di Cabanette;15122;Cabanette
A182;6003;33909;Strada;Acqui Di Cantalupo;15122;Cantalupo
A182;6003;100037;Strada;Alluvioni-Piovera;15122;Castelceriolo
A182;6003;57750;Strada;Belvedere;15122;Valmadonna
A182;6003;49702;Strada;Bogliana;15122;San Michele
A182;6003;52205;Strada;Bolla;15122;Spinetta Marengo
A182;6003;44203;Strada;Boschetto;15122;Mandrogne
A182;6003;36401;Strada;Brusa;15122;Cascinagrossa
A182;6003;47805;Strada;Carezzana;15122;San Giuliano Vecchio
A182;6003;62819;Strada;Carlo Forlanini;15121;Borgo Cittadella
A182;6003;58805;Strada;Carlo Forlanini In Valmadonna;15122;Valmadonna
A182;6003;7502;Strada;Casalcermelli;15121;Cristo
A182;6003;44202;Strada;Cascinagrossa;15122;Mandrogne
A182;6003;34201;Strada;Cascinetta;15122;Cabanette
A182;6003;45751;Strada;Cascinolo;15122;San Giuliano Nuovo
A182;6003;52508;Strada;Castelceriolo Di Spinetta Marengo;15122;Spinetta Marengo
A182;6003;55606;Strada;Cerca Di Valle San Bartolomeo;15122;Valle San Bartolomeo
A182;6003;34302;Strada;Chiozzo;15122;Cabanette
A182;6003;58300;Strada;Comunale Di Valmadonna;15122;Valmadonna
A182;6003;50005;Strada;Cornaglie;15122;San Michele
A182;6003;58401;Strada;Costa San Giorgio;15122;Valmadonna
A182;6003;44303;Strada;Dei Cascinotti;15122;Mandrogne
A182;6003;44606;Strada;Dei Coscia;15122;Mandrogne
A182;6003;62815;Strada;Dei Terrarossa Di Mandrogne;15122;Mandrogne
A182;6003;62816;Strada;Dei Terrarossa Di San Giuliano Vecchio;15122;San Giuliano Vecchio
A182;6003;47603;Strada;Del Bosco Di San Giuliano Vecchio;15122;San Giuliano Vecchio
A182;6003;58704;Strada;Del Fontanone;15122;Valmadonna
A182;6003;49904;Strada;Della Cerca Di San Michele;15122;San Michele
A182;6003;44909;Strada;Della Gelosa;15122;Mandrogne
A182;6003;100027;Strada;Della Guaracca;15122;Spinetta Marengo
A182;6003;68830;Strada;Della Guasca;15122;Spinetta Marengo
A182;6003;68823;Strada;Della Meliga;15122;Spinetta Marengo
A182;6003;62105;Strada;Della Rosta Di Villa Del Foro;15122;Villa Del Foro
A182;6003;57301;Strada;Della Serra Di Valle San Bartolomeo;15122;Valle San Bartolomeo
A182;6003;58951;Strada;Fornara;15122;Valmadonna
A182;6003;44707;Strada;Frugarolo Di Mandrogne;15122;Mandrogne
A182;6003;52801;Strada;Frugarolo Di Spinetta Marengo;15122;Spinetta Marengo
A182;6003;58906;Strada;Gabriella;15122;Valmadonna
A182;6003;39006;Strada;Grilla Di Castelceriolo;15122;Castelceriolo
A182;6003;62810;Strada;John Fitzgerald Kennedy In Castelceriolo;15122;Castelceriolo
A182;6003;62811;Strada;John Fitzgerald Kennedy In Spinetta Marengo;15122;Spinetta Marengo
A182;6003;46705;Strada;Lonzi;15122;San Giuliano Nuovo
A182;6003;45001;Strada;Menaccia;15122;Mandrogne
A182;6003;45100;Strada;Novi;15122;Mandrogne
A182;6003;34908;Strada;Oviglio Di Cantalupo;15122;Cantalupo
A182;6003;48804;Strada;Poggi;15122;Cascinagrossa
A182;6003;45403;Strada;Raggi Di Mandrogne;15122;Mandrogne
A182;6003;62814;Strada;Raggi Di San Giuliano Vecchio;15122;San Giuliano Vecchio
A182;6003;54506;Strada;Rana Di Spinetta Marengo;15122;Spinetta Marengo
A182;6003;62004;Strada;Rocca;15122;Villa Del Foro
A182;6003;37501;Strada;Roggia;15122;Cascinagrossa
A182;6003;57101;Strada;Roncata;15122;Valle San Bartolomeo
A182;6003;35101;Strada;Rosario;15122;Cantalupo
A182;6003;35200;Strada;Rosta Di Cabanette;15122;Cabanette
A182;6003;35512;Strada;Rosta Di Casalbagliano;15122;Casalbagliano
A182;6003;45504;Strada;Sale Di Mandrogne;15122;Mandrogne
A182;6003;42360;Strada;Statale 35 Bis Dei Giovi;15122;Litta Parodi
A182;6003;45551;Strada;Tortona Di Mandrogne;15122;Mandrogne
A182;6003;51600;Strada;Vescovana;15122;San Michele
A182;6003;44505;Strada Comunale;Mandrogne Di Mandrogne;15122;Mandrogne
A182;6003;37400;Strada Provinciale;10 Tortona Di Cascinagrossa;15122;Cascinagrossa
A182;6003;22707;Strada Provinciale;494 Pavia;15121;Borgo Cittadella
A182;6003;60107;Strada Provinciale;494 Per Pavia Di Valmadonna;15122;Valmadonna
A182;6003;39952;Strada Provinciale;82 Alessandria-Sale;15122;Castelceriolo
A182;6003;51509;Strada Vecchia;Castello;15122;San Michele
A182;6003;62704;Tangenziale;Sud - Est;15121;Cristo
A182;6003;62823;Tangenziale;Sud-Est Di Cabanette;15122;Cabanette
A182;6003;62824;Tangenziale;Sud-Est Di Cantalupo;15122;Cantalupo
A182;6003;33808;Via;28 Marzo 1921;15121;Orti
A182;6003;14704;Via;Achille Grandi;15121;Norberto Rosa
A182;6003;54102;Via;Achille Perfumo;15122;Spinetta Marengo
A182;6003;28903;Via;Achille Sclavo;15121;Galimberti
A182;6003;11121;Via;Agostino Depretis;15121;Cristo
A182;6003;68836;Via;Alberto Da Giussano;15122;Cantalupo
A182;6003;11000;Via;Alcide De Gasperi;15121;Europa
A182;6003;53516;Via;Aldo Diani;15122;Spinetta Marengo
A182;6003;62784;Via;Aldo Moro;15121;Cristo
A182;6003;54010;Via;Aldo Testera;15122;Spinetta Marengo
A182;6003;51646;Via;Aldobrando Magnani;15122;Spinetta Marengo
A182;6003;55404;Via;Alessandria;15122;Valle San Bartolomeo
A182;6003;42406;Via;Alessandria Sale;15122;Lobbi
A182;6003;7801;Via;Alessandro Cassola;15121;Cristo
A182;6003;10001;Via;Alessandro D'Angennes;15121;Cristo
A182;6003;16702;Via;Alessandro Manzoni;15121;Pista
A182;6003;28204;Via;Alessandro Sappa;15121;Centro
A182;6003;1403;Via;Alessandro Terzo;15121;Centro
A182;6003;30407;Via;Alessandro Tonso;15121;Europa
A182;6003;33000;Via;Alessandro Volta;15121;Cristo
A182;6003;17903;Via;Alfonso Mathis;15121;Cristo
A182;6003;57723;Via;Alla Collina;15122;Valmadonna
A182;6003;68832;Via;Alle Cascine;15122;San Giuliano Nuovo
A182;6003;3102;Via;Ambrogio Belloni;15121;Cristo
A182;6003;10607;Via;Ambrogio Damasio;15121;Pista
A182;6003;32203;Via;Amerigo Vespucci;15121;Norberto Rosa
A182;6003;24101;Via;Amilcare Ponchielli;15121;Cristo
A182;6003;9405;Via;Andrea Costa;15121;Cristo
A182;6003;32900;Via;Andrea Vochieri;15121;Centro
A182;6003;20901;Via;Angelo Morbelli;15121;Centro
A182;6003;62753;Via;Angelo Raineri;15122;Spinetta Marengo
A182;6003;68843;Via;Angelo Rossa;15121;Europa
A182;6003;68843;Via;Angelo Rossa;15121;Europa
A182;6003;41104;Via;Angiolina Di Litta Parodi;15122;Litta Parodi
A182;6003;51903;Via;Angiolina Di Spinetta Marengo;15122;Spinetta Marengo
A182;6003;36502;Via;Anna Fuoco;15122;Cascinagrossa
A182;6003;9009;Via;Annibale Civalieri;15121;Orti
A182;6003;52609;Via;Annibale Clemente;15122;Spinetta Marengo
A182;6003;6802;Via;Antonio Canova;15121;Cristo
A182;6003;12807;Via;Antonio Franzini;15121;Pista
A182;6003;14603;Via;Antonio Gramsci;15121;Centro
A182;6003;34706;Via;Antonio Gramsci In Cantalupo;15122;Cantalupo
A182;6003;36805;Via;Antonio Gramsci In Cascinagrossa;15122;Cascinagrossa
A182;6003;21506;Via;Antonio Pacinotti;15121;Pista
A182;6003;52003;Via;Ardizzona;15122;Spinetta Marengo
A182;6003;62743;Via;Armando Ferretti;15122;San Giuliano Vecchio
A182;6003;2200;Via;Arnaldo Da Brescia;15121;Centro
A182;6003;4004;Via;Arrigo Boito;15121;Cristo
A182;6003;30700;Via;Arturo Toscanini;15121;Centro
A182;6003;2301;Via;Aspromonte;15121;Pista
A182;6003;2402;Via;Asti;15121;Centro
A182;6003;25201;Via;Augusto Righi;15121;Centro
A182;6003;49601;Via;Balostra;15122;San Michele
A182;6003;68819;Via;Bambini Nella Shoah;15121;Galimberti
A182;6003;57705;Via;Barborana;15122;Valmadonna
A182;6003;52104;Via;Barbotta;15122;Spinetta Marengo
A182;6003;57404;Via;Bartolomeo Maino;15122;Valle San Bartolomeo
A182;6003;41205;Via;Bellocchio;15122;Litta Parodi
A182;6003;9702;Via;Benedetto Croce;15121;Galimberti
A182;6003;3201;Via;Bergamo;15121;Centro
A182;6003;3704;Via;Bivio;15122;San Michele
A182;6003;4103;Via;Bologna;15121;Centro
A182;6003;10405;Via;Bonifacio Dal Pozzo;15121;Orti
A182;6003;47652;Via;Borra In San Giuliano Vecchio;15122;San Giuliano Vecchio
A182;6003;52306;Via;Bottazzi In Spinetta Marengo;15122;Spinetta Marengo
A182;6003;4905;Via;Boves;15121;Galimberti
A182;6003;5104;Via;Braschi;15121;Europa
A182;6003;5302;Via;Brescia;15121;Centro
A182;6003;55451;Via;Bricco Roveda;15122;Valle San Bartolomeo
A182;6003;5401;Via;Brigata Ravenna;15121;Pista
A182;6003;5702;Via;Bruno Buozzi;15121;Pista
A182;6003;41700;Via;Bruno Graziani;15122;Litta Parodi
A182;6003;22505;Via;Bruno Pasino;15121;Galimberti
A182;6003;54212;Via;Bruno Prati;15122;Spinetta Marengo
A182;6003;38005;Via;Buffalora;15122;Castelceriolo
A182;6003;45605;Via;Buschetta;15122;San Giuliano Nuovo
A182;6003;45706;Via;Ca Da Po;15122;San Giuliano Nuovo
A182;6003;5904;Via;Caduti Sul Lavoro;15121;Cristo
A182;6003;44101;Via;Cai Menaccia;15122;Mandrogne
A182;6003;6006;Via;Cairoli;15121;Centro
A182;6003;6105;Via;Calcamuggi Ferrufini;15121;Cristo
A182;6003;57806;Via;Calderone;15122;Valmadonna
A182;6003;24851;Via;Camilla Ravera;15121;Norberto Rosa
A182;6003;8305;Via;Camillo Cavour;15121;Centro
A182;6003;36603;Via;Camillo Giachero;15122;Cascinagrossa
A182;6003;55505;Via;Campana;15122;Valle San Bartolomeo
A182;6003;6204;Via;Campo Contumaciale;15121;Orti
A182;6003;38104;Via;Campo Nebbia;15122;Castelceriolo
A182;6003;45760;Via;Campo Noci;15122;San Giuliano Nuovo
A182;6003;61409;Via;Cantalupo;15122;Villa Del Foro
A182;6003;38302;Via;Caprera;15122;Castelceriolo
A182;6003;47704;Via;Cardinali;15122;San Giuliano Vecchio
A182;6003;52407;Via;Carella;15122;Spinetta Marengo
A182;6003;61500;Via;Carentino;15122;Villa Del Foro
A182;6003;100028;Via;Carezzare;15122;San Giuliano Vecchio
A182;6003;7304;Via;Carlo Alberto;15121;Cristo
A182;6003;2604;Via;Carlo Avalle;15121;Centro
A182;6003;45562;Via;Carlo Borra In San Giuliano Nuovo;15122;San Giuliano Nuovo
A182;6003;6600;Via;Carlo Caniggia;15121;Centro
A182;6003;7106;Via;Carlo Caraglio;15121;Centro
A182;6003;7700;Via;Carlo Caselli;15121;Centro
A182;6003;53251;Via;Carlo Cattaneo;15122;Spinetta Marengo
A182;6003;25704;Via;Carlo E Novello Rosselli;15121;Cristo
A182;6003;23504;Via;Carlo Pisacane;15121;Galimberti
A182;6003;25805;Via;Carlo Rossi;15121;Cristo
A182;6003;43506;Via;Carlo Sabatini;15122;Lobbi
A182;6003;40554;Via;Carlo Torriani;15122;Castelceriolo
A182;6003;57310;Via;Carlo Ugo;15122;Valle San Bartolomeo
A182;6003;7403;Via;Casalbagliano;15121;Cristo
A182;6003;7601;Via;Casale;15121;Centro
A182;6003;49803;Via;Casale Di San Michele;15122;San Michele
A182;6003;47906;Via;Casoni;15122;San Giuliano Vecchio
A182;6003;62773;Via;Castelceriolo Di Cascinagrossa;15122;Cascinagrossa
A182;6003;62772;Via;Castelceriolo Di Castelceriolo;15122;Castelceriolo
A182;6003;62774;Via;Castelceriolo Di San Giuliano Nuovo;15122;San Giuliano Nuovo
A182;6003;47401;Via;Castelceriolo Di San Giuliano Vecchio;15122;San Giuliano Vecchio
A182;6003;57907;Via;Castellino;15122;Valmadonna
A182;6003;62710;Via;Cavagnina;15122;Spinetta Marengo
A182;6003;44404;Via;Centro;15122;Mandrogne
A182;6003;2907;Via;Cesare Battisti;15121;Cristo
A182;6003;6303;Via;Cesare Canefri;15121;Centro
A182;6003;12201;Via;Cesare Ferrufini;15121;Centro
A182;6003;16203;Via;Cesare Lombroso;15121;Pista
A182;6003;62749;Via;Cesare Pavese;15122;Cantalupo
A182;6003;41250;Via;Circonvallazione;15122;Litta Parodi
A182;6003;12908;Via;Citta' Di Gaeta;15121;Centro
A182;6003;45807;Via;Colla Di San Giuliano Nuovo;15122;San Giuliano Nuovo
A182;6003;58201;Via;Colla Di Valmadonna;15122;Valmadonna
A182;6003;38500;Via;Conduttori;15122;Castelceriolo
A182;6003;34403;Via;Corte Dei Rossi;15122;Cantalupo
A182;6003;58502;Via;Costanza;15122;Valmadonna
A182;6003;9504;Via;Cremona;15121;Centro
A182;6003;2705;Via;Cristoforo Baggiolini;15121;Europa
A182;6003;9153;Via;Cristoforo Colombo;15121;Orti
A182;6003;19701;Via;Cristoforo Moja;15121;Centro
A182;6003;33606;Via;Cristoforo Zoppi;15121;Cristo
A182;6003;100021;Via;Dalmazio Birago;15121;Pista
A182;6003;8901;Via;Damiano Chiesa;15121;Centro
A182;6003;1605;Via;Dante Alighieri;15121;Centro
A182;6003;55909;Via;Dazio;15122;Valle San Bartolomeo
A182;6003;51655;Via;Dei Caduti;15122;Spinetta Marengo
A182;6003;14805;Via;Dei Guasco;15121;Centro
A182;6003;11154;Via;Dei Martiri;15121;Centro
A182;6003;48301;Via;Dei Mori Di San Giuliano Vecchio;15122;San Giuliano Vecchio
A182;6003;56807;Via;Dei Mori Di Valle San Bartolomeo;15122;Valle San Bartolomeo
A182;6003;62736;Via;Dei Pescatori;15121;Cristo
A182;6003;62820;Via;Dei Preti;15122;Borgo Cittadella
A182;6003;57002;Via;Dei Preti In Valle San Bartolomeo;15122;Valle San Bartolomeo
A182;6003;59804;Via;Dei Preti In Valmadonna;15122;Valmadonna
A182;6003;6904;Via;Del Barcaiolo;15121;Orti
A182;6003;43900;Via;Del Bosco Di Mandrogne;15122;Mandrogne
A182;6003;8008;Via;Del Castello;15121;Centro
A182;6003;9207;Via;Del Coniglio;15121;Cristo
A182;6003;52700;Via;Del Ferraio;15122;Spinetta Marengo
A182;6003;57952;Via;Del Forno;15122;Valmadonna
A182;6003;15631;Via;Del Lavoro;15121;Cristo
A182;6003;15752;Via;Del Legno;15121;Cristo
A182;6003;50702;Via;Del Mezzano;15122;San Michele
A182;6003;24402;Via;Del Prato;15121;Centro
A182;6003;54304;Via;Del Progresso;15122;Spinetta Marengo
A182;6003;6903;Via;Della Cappelletta;15121;Orti
A182;6003;58003;Via;Della Cerca Di Valmadonna;15122;Valmadonna
A182;6003;8800;Via;Della Chiatta;15121;Orti
A182;6003;55707;Via;Della Chiesa Di Valle San Bartolomeo;15122;Valle San Bartolomeo
A182;6003;58102;Via;Della Chiesa Di Valmadonna;15122;Valmadonna
A182;6003;8954;Via;Della Chimica;15121;Cristo
A182;6003;55808;Via;Della Curetta;15122;Valle San Bartolomeo
A182;6003;38753;Via;Della Fornace;15122;Castelceriolo
A182;6003;36906;Via;Della Liberta' In Cascinagrossa;15122;Cascinagrossa
A182;6003;53507;Via;Della Liberta' In Spinetta Marengo;15122;Spinetta Marengo
A182;6003;43001;Via;Della Mandrina;15122;Lobbi
A182;6003;59103;Via;Della Manza;15122;Valmadonna
A182;6003;16803;Via;Della Maranzana;15121;Cristo
A182;6003;18250;Via;Della Meccanica;15121;Cristo
A182;6003;19800;Via;Della Moisa;15121;Cristo
A182;6003;35402;Via;Della Monaca;15122;Casalbagliano
A182;6003;35002;Via;Della Pace;15122;Cantalupo
A182;6003;21708;Via;Della Palazzina;15121;Norberto Rosa
A182;6003;39903;Via;Della Parrocchia;15122;Castelceriolo
A182;6003;23751;Via;Della Plastica;15121;Cristo
A182;6003;3990;Via;Della Repubblica In Castelceriolo;15122;Castelceriolo
A182;6003;43405;Via;Della Repubblica In Lobbi;15122;Lobbi
A182;6003;51701;Via;Della Repubblica In Spinetta Marengo;15122;Spinetta Marengo
A182;6003;27401;Via;Della Santa;15121;Norberto Rosa
A182;6003;60804;Via;Della Serra Di Valmadonna;15122;Valmadonna
A182;6003;55820;Via;Della Vecchia Fontana;15122;Valle San Bartolomeo
A182;6003;2255;Via;Dell'Artigianato;15121;Cristo
A182;6003;62745;Via;Dell'Automobile;15121;Cristo
A182;6003;68833;Via;Delle Gaggie;15122;San Giuliano Nuovo
A182;6003;62759;Via;Delle Gradinate Biagio Gho;15122;Valle San Bartolomeo
A182;6003;60309;Via;Delle Roberte;15122;Valmadonna
A182;6003;58157;Via;Delle Sorgenti;15122;Valmadonna
A182;6003;11716;Via;Dell'Edilizia;15121;Cristo
A182;6003;11725;Via;Dell'Elettronica;15121;Cristo
A182;6003;11734;Via;Dell'Erba;15121;Centro
A182;6003;14850;Via;Dell'Industria;15121;Cristo
A182;6003;22708;Via;Dell'Osterietta;15121;Borgo Cittadella
A182;6003;38601;Via;Desaix;15122;Castelceriolo
A182;6003;54753;Via;Deviazione Strada Statale 10;15122;Spinetta Marengo
A182;6003;62734;Via;Don Aldo Boveri;15122;Castelceriolo
A182;6003;62700;Via;Don Alessandro Benzi;15121;Centro
A182;6003;43104;Via;Don Angelo Campora In Lobbi;15122;Lobbi
A182;6003;13604;Via;Don Francesco Gasparolo;15121;Centro
A182;6003;29601;Via;Don Giacomo Stornini;15121;Galimberti
A182;6003;19503;Via;Don Giovanni Minzoni;15121;Cristo
A182;6003;68845;Via;Don Giovanni Rizzante;15122;Cabanette
A182;6003;14234;Via;Don Giuseppe Giovine;15121;Galimberti
A182;6003;21405;Via;Don Luigi Orione;15121;Pista
A182;6003;29656;Via;Don Luigi Sturzo;15121;Norberto Rosa
A182;6003;62785;Via;Don Nicola Buscaglia;15122;San Giuliano Vecchio
A182;6003;6501;Via;Don Tommaso Canestri;15121;Europa
A182;6003;11505;Via;Donatello;15121;Centro
A182;6003;5005;Via;Donato Bramante;15121;Norberto Rosa
A182;6003;45908;Via;Doria;15122;San Giuliano Nuovo
A182;6003;53956;Via;Dorino Raimondi;15122;Spinetta Marengo
A182;6003;50106;Via;Dosso Dei Sali;15122;San Michele
A182;6003;13200;Via;Duccio Galimberti;15121;Galimberti
A182;6003;38702;Via;Due Palme;15122;Castelceriolo
A182;6003;100022;Via;Duilio Giacobone;15121;Pista
A182;6003;25256;Via;Duilio Remondino;15121;Cristo
A182;6003;45953;Via;Duomo;15122;San Giuliano Nuovo
A182;6003;10708;Via;Edmondo De Amicis;15121;Cristo
A182;6003;34504;Via;Edmondo De Amicis In Cantalupo;15122;Cantalupo
A182;6003;46201;Via;Edoardo Bocchio;15122;Mandrogne
A182;6003;4202;Via;Edoardo Bonardi;15121;Cristo
A182;6003;44405;Via;Edoardo Crivelli;15122;Mandrogne
A182;6003;9131;Via;Egidio Cocito;15121;Cristo
A182;6003;100026;Via;Elio Camagna;15121;Cristo
A182;6003;62812;Via;Elio Morille;15122;San Giuliano Vecchio
A182;6003;3906;Via;Emanuele Boidi;15121;Centro
A182;6003;11752;Via;Emilio Faa' Di Bruno;15121;Centro
A182;6003;17802;Via;Ennio Massobrio;15121;Galimberti
A182;6003;11808;Via;Enrico Fermi;15121;Centro
A182;6003;42709;Via;Enrico Franchini;15122;Lobbi
A182;6003;13806;Via;Enrico Gentilini;15121;Centro
A182;6003;62744;Via;Enzo Ferrari;15121;Cristo
A182;6003;100036;Via;Enzo Tortora;15121;Europa
A182;6003;32708;Via;Ermanno Vitale;15121;Cristo
A182;6003;1056;Via;Ernesto Cabruna;15121;Orti
A182;6003;23605;Via;Ernesto Pistoia;15121;Centro
A182;6003;55000;Via;Ernesto Torre;15122;Spinetta Marengo
A182;6003;62756;Via;Esuli Istriani Fiumani E Dalmati;15121;Norberto Rosa
A182;6003;5203;Via;Ettore Bravetta;15121;Pista
A182;6003;12302;Via;Fabio Filzi;15121;Pista
A182;6003;46002;Via;Faina;15122;San Giuliano Nuovo
A182;6003;56100;Via;Falamera;15122;Valle San Bartolomeo
A182;6003;62737;Via;Fausto Bima;15121;Borgo Cittadella
A182;6003;68841;Via;Fausto Coppi;15121;Europa
A182;6003;34605;Via;Felizza;15122;Cantalupo
A182;6003;11909;Via;Fernandel;15121;Cristo
A182;6003;16500;Via;Fernando Magellano;15121;Orti
A182;6003;27852;Via;Fernando Santi;15121;Cristo
A182;6003;12001;Via;Ferrara;15121;Centro
A182;6003;22231;Via;Ferruccio Parri;15121;Norberto Rosa
A182;6003;68824;Via;Filippo Tommaso Marinetti;15122;Casalbagliano
A182;6003;42608;Via;Filippona;15122;Lobbi
A182;6003;12403;Via;Firenze;15121;Pista
A182;6003;12504;Via;Fiume;15121;Centro
A182;6003;14102;Via;Flavio Gioia;15121;Cristo
A182;6003;41508;Via;Flavio Gioia In Litta Parodi;15122;Litta Parodi
A182;6003;58603;Via;Fontanette;15122;Valmadonna
A182;6003;62750;Via;Francesca Calvo;15121;Europa
A182;6003;100001;Via;Francesca Calvo;15121;Europa
A182;6003;3004;Via;Francesco Cilea;15121;Orti
A182;6003;10809;Via;Francesco De Antonio;15121;Cristo
A182;6003;48103;Via;Francesco E Giulio Grassano;15122;San Giuliano Vecchio
A182;6003;34807;Via;Francesco Guida;15122;Cantalupo
A182;6003;18403;Via;Francesco Mensi;15121;Pista
A182;6003;100008;Via;Fratelli Tomassini;15121;Galimberti
A182;6003;41306;Via;Frugarolo Di Litta Parodi;15122;Litta Parodi
A182;6003;11606;Via;Gaetano Donizetti;15121;Orti
A182;6003;26301;Via;Gaetano Salvemini;15121;Galimberti
A182;6003;13002;Via;Gagliaudo;15121;Centro
A182;6003;50207;Via;Gaiola;15122;San Michele
A182;6003;44808;Via;Galade;15122;Mandrogne
A182;6003;12100;Via;Galileo Ferraris;15121;Centro
A182;6003;13101;Via;Galileo Galilei;15121;Pista
A182;6003;46200;Via;Gallarate;15122;San Giuliano Nuovo
A182;6003;52902;Via;Gambalera;15122;Spinetta Marengo
A182;6003;13705;Via;Gavigliani;15121;Cristo
A182;6003;6853;Via;Gennaro Cantiello;15121;Cristo
A182;6003;41407;Via;Genova Di Litta Parodi;15122;Litta Parodi
A182;6003;53103;Via;Genova Di Spinetta Marengo;15122;Spinetta Marengo
A182;6003;8602;Via;Gerolamo Cermelli;15121;Cristo
A182;6003;13907;Via;Gerolamo Ghilini;15121;Centro
A182;6003;23001;Via;Gerolamo Perboni;15121;Cristo
A182;6003;28600;Via;Gerolamo Savonarola;15121;Centro
A182;6003;46402;Via;Ghilina Di San Giuliano Nuovo;15122;San Giuliano Nuovo
A182;6003;48004;Via;Ghilina Di San Giuliano Vecchio;15122;San Giuliano Vecchio
A182;6003;11101;Via;Giacomo Antonio De Giorgi;15121;Centro
A182;6003;4804;Via;Giacomo Bove;15121;Cristo
A182;6003;5423;Via;Giacomo Brodolini;15121;Norberto Rosa
A182;6003;15804;Via;Giacomo Leopardi;15121;Cristo
A182;6003;37103;Via;Giacomo Matteotti In Cascinagrossa;15122;Cascinagrossa
A182;6003;24503;Via;Giacomo Puccini;15121;Cristo
A182;6003;68834;Via;Gianfelice Demanuelli;15122;Cantalupo
A182;6003;50308;Via;Giardinetto;15122;San Michele
A182;6003;25906;Via;Gioacchino Rossini;15121;Orti
A182;6003;5500;Via;Giordano Bruno;15121;Borgo Cittadella
A182;6003;51100;Via;Giordano Bruno In San Michele;15122;San Michele
A182;6003;1302;Via;Giorgio Alberini;15121;Europa
A182;6003;18601;Via;Giorgio Merula;15121;Centro
A182;6003;29205;Via;Giorgio Solero;15121;Centro
A182;6003;29502;Via;Giorgio Stephenson;15121;Pista
A182;6003;14256;Via;Giotto;15121;Pista
A182;6003;32405;Via;Giovan Battista Vico;15121;Cristo
A182;6003;1807;Via;Giovanni Amendola;15121;Pista
A182;6003;68825;Via;Giovanni Battista Roncati;15122;Cascinagrossa
A182;6003;11202;Via;Giovanni De Negri;15121;Pista
A182;6003;62740;Via;Giovanni Delavo;15122;Spinetta Marengo
A182;6003;11707;Via;Giovanni Dossena;15121;Centro
A182;6003;68826;Via;Giovanni Gentile;15122;Cantalupo
A182;6003;4703;Via;Giovanni Giacomo Bottazzi;15121;Centro
A182;6003;13420;Via;Giovanni Giolitti;15121;Norberto Rosa
A182;6003;14906;Via;Giovanni Inverardi;15121;Cristo
A182;6003;15501;Via;Giovanni Lanza;15121;Centro
A182;6003;18205;Via;Giovanni Mazzoni;15121;Centro
A182;6003;19008;Via;Giovanni Migliara;15121;Centro
A182;6003;22404;Via;Giovanni Pascoli;15121;Cristo
A182;6003;23706;Via;Giovanni Plana;15121;Centro
A182;6003;43304;Via;Giovanni Poggio;15122;Lobbi
A182;6003;28701;Via;Giovanni Scazzola;15121;Cristo
A182;6003;29902;Via;Giovanni Testone;15121;Europa
A182;6003;31901;Via;Giovanni Verneri;15121;Cristo
A182;6003;14401;Via;Girgenti;15121;Orti
A182;6003;41609;Via;Giromini;15122;Litta Parodi
A182;6003;24301;Via;Giuliano Porta;15121;Orti
A182;6003;9306;Via;Giulio Cesare Cordara;15121;Centro
A182;6003;9108;Via;Giulio Claro;15121;Centro
A182;6003;20800;Via;Giulio Monteverde;15121;Galimberti
A182;6003;8701;Via;Giuseppe Antonio Chenna;15121;Centro
A182;6003;3502;Via;Giuseppe Bissati;15121;Centro
A182;6003;4501;Via;Giuseppe Borsalino;15121;Centro
A182;6003;11303;Via;Giuseppe Di Vittorio;15121;Galimberti
A182;6003;53002;Via;Giuseppe Garibaldi In Spinetta Marengo;15122;Spinetta Marengo
A182;6003;42901;Via;Giuseppe Guazzone;15122;Lobbi
A182;6003;18106;Via;Giuseppe Mazzini;15121;Centro
A182;6003;53800;Via;Giuseppe Mazzini In Spinetta Marengo;15122;Spinetta Marengo
A182;6003;22000;Via;Giuseppe Parini;15121;Cristo
A182;6003;23807;Via;Giuseppe Pochettini;15121;Galimberti
A182;6003;68827;Via;Giuseppe Prezzolini;15122;Cantalupo
A182;6003;68840;Via;Giuseppe Saragat;15121;Norberto Rosa
A182;6003;31800;Via;Giuseppe Verdi;15121;Centro
A182;6003;32607;Via;Giuseppe Viora;15121;Cristo
A182;6003;33550;Via;Giuseppe Zanardelli;15121;Cristo
A182;6003;61601;Via;Goglini;15122;Villa Del Foro
A182;6003;36704;Via;Gostra;15122;Cascinagrossa
A182;6003;46503;Via;Granaroli;15122;San Giuliano Nuovo
A182;6003;61252;Via;Graziella Vassallo Giarola;15121;Cristo
A182;6003;53204;Via;Grilla Di Spinetta Marengo;15122;Spinetta Marengo
A182;6003;68839;Via;Guglielmo Cavalli;15121;Europa
A182;6003;15602;Via;Guglielmo Lanzavecchia;15121;Pista
A182;6003;17701;Via;Guglielmo Massaia;15121;Centro
A182;6003;21102;Via;Guglielmo Oberdan;15121;Centro
A182;6003;28802;Via;Guglielmo Schiavina;15121;Centro
A182;6003;33707;Via;Guglielmo Zucchi;15121;Pista
A182;6003;62739;Via;Ignazio Giuseppe Bertola Roveda;15121;Borgo Cittadella
A182;6003;15004;Via;Inviziati;15121;Centro
A182;6003;68835;Via;Irma Lesina;15122;Cantalupo
A182;6003;50409;Via;Isoletta;15122;San Michele
A182;6003;15202;Via;Isonzo;15121;Centro
A182;6003;34852;Via;Italia;15122;Cabanette
A182;6003;10506;Via;Jacopo Dal Verme;15121;Centro
A182;6003;62789;Via;Lampionai;15121;Cristo
A182;6003;33505;Via;Lazzaro Zamenhof;15121;Pista
A182;6003;53305;Via;Lecca;15122;Spinetta Marengo
A182;6003;15703;Via;Legnano;15121;Centro
A182;6003;2925;Via;Lelio Basso;15121;Norberto Rosa
A182;6003;10304;Via;Leonardo Da Vinci;15121;Cristo
A182;6003;30306;Via;Leone Tolstoi;15121;Cristo
A182;6003;53406;Via;Levata;15122;Spinetta Marengo
A182;6003;41902;Via;Livio Marbello;15122;Litta Parodi
A182;6003;16005;Via;Livorno;15121;Pista
A182;6003;46604;Via;Lobbi;15122;San Giuliano Nuovo
A182;6003;16104;Via;Lodi;15121;Centro
A182;6003;2101;Via;Lodovico Ariosto;15121;Cristo
A182;6003;5803;Via;Lorenzo Burgonzio;15121;Centro
A182;6003;22909;Via;Lorenzo Penna;15121;Orti
A182;6003;50500;Via;Loreto;15122;San Michele
A182;6003;24750;Via;Luciano Raschio;15121;Cristo
A182;6003;62511;Via;Luciano Scassi;15121;Galimberti
A182;6003;41003;Via;Luigi Alessio;15122;Litta Parodi
A182;6003;3300;Via;Luigi Bilio;15121;Cristo
A182;6003;3805;Via;Luigi Bobbio;15121;Cristo
A182;6003;36300;Via;Luigi Bruno In Cascinagrossa;15122;Cascinagrossa
A182;6003;6701;Via;Luigi Canina;15121;Centro
A182;6003;62757;Via;Luigi Cassano;15122;Litta Parodi
A182;6003;38401;Via;Luigi Cigersa;15122;Castelceriolo
A182;6003;11743;Via;Luigi Einaudi;15121;Norberto Rosa
A182;6003;30654;Via;Luigi Ferrari Trecate;15121;Cristo
A182;6003;44402;Via;Luigi Firpo;15122;Mandrogne
A182;6003;13301;Via;Luigi Galvani;15121;Europa
A182;6003;39105;Via;Luigi Lama;15122;Castelceriolo
A182;6003;41801;Via;Luigi Lodi;15122;Litta Parodi
A182;6003;16126;Via;Luigi Longo;15121;Norberto Rosa
A182;6003;42002;Via;Luigi Marsicano;15122;Litta Parodi
A182;6003;30003;Via;Luigi Testore;15121;Centro
A182;6003;59004;Via;Lupi;15122;Valmadonna
A182;6003;100018;Via;Madre Clelia Merloni;15121;Europa
A182;6003;61702;Via;Maestra;15122;Villa Del Foro
A182;6003;37004;Via;Mandrogne Di Cascinagrossa;15122;Cascinagrossa
A182;6003;24002;Via;Marco Polo;15121;Cristo
A182;6003;17006;Via;Marengo;15121;Centro
A182;6003;68831;Via;Maresciallo Felice Maritano;15122;Spinetta Marengo
A182;6003;59202;Via;Marghera;15122;Valmadonna
A182;6003;50601;Via;Margiocchi;15122;San Michele
A182;6003;1155;Via;Maria Bensi;15121;Cristo
A182;6003;16601;Via;Mario Maggioli;15121;Cristo
A182;6003;24705;Via;Mario Rapisardi;15121;Orti
A182;6003;17303;Via;Marsala;15121;Centro
A182;6003;39303;Via;Marsala Di Castelceriolo;15122;Castelceriolo
A182;6003;56504;Via;Martinotta;15122;Valle San Bartolomeo
A182;6003;17501;Via;Martiri Della Benedicta;15121;Norberto Rosa
A182;6003;62728;Via;Martiri Della Divisione Acqui;15121;Cristo
A182;6003;53709;Via;Maruera;15122;Spinetta Marengo
A182;6003;56605;Via;Melazza;15122;Valle San Bartolomeo
A182;6003;39402;Via;Mercato;15122;Castelceriolo
A182;6003;18700;Via;Messina;15121;Pista
A182;6003;5601;Via;Michelangelo Buonarroti;15121;Cristo
A182;6003;4301;Via;Michele Bonelli;15121;Europa
A182;6003;19107;Via;Milano;15121;Centro
A182;6003;19206;Via;Milazzo;15121;Centro
A182;6003;19404;Via;Milleottocentoventuno;15121;Centro
A182;6003;42103;Via;Ministra;15122;Litta Parodi
A182;6003;19602;Via;Modena;15121;Centro
A182;6003;37202;Via;Molinara Di Cascinagrossa;15122;Cascinagrossa
A182;6003;48202;Via;Molinara Di San Giuliano Vecchio;15122;San Giuliano Vecchio
A182;6003;53901;Via;Molinetto;15122;Spinetta Marengo
A182;6003;19901;Via;Moncalvo;15121;Centro
A182;6003;20002;Via;Mondovi';15121;Centro
A182;6003;56706;Via;Montata Di Valle San Bartolomeo;15122;Valle San Bartolomeo
A182;6003;20305;Via;Montebello;15121;Centro
A182;6003;56403;Via;Montegrande;15122;Valle San Bartolomeo
A182;6003;20406;Via;Montegrappa;15121;Centro
A182;6003;20507;Via;Montello;15121;Centro
A182;6003;20608;Via;Monterotondo;15121;Centro
A182;6003;48400;Via;Moschini;15122;San Giuliano Vecchio
A182;6003;21001;Via;Napoli;15121;Pista
A182;6003;28402;Via;Nazario Sauro;15121;Pista
A182;6003;16401;Via;Niccolo' Machiavelli;15121;Centro
A182;6003;46806;Via;Nicolina;15122;San Giuliano Nuovo
A182;6003;68844;Via;Norberto Bobbio;15121;Europa
A182;6003;25603;Via;Norberto Rosa;15121;Norberto Rosa
A182;6003;48501;Via;Novi;15122;San Giuliano Vecchio
A182;6003;45201;Via;Nuova;15122;Mandrogne
A182;6003;39600;Via;Ogliana;15122;Castelceriolo
A182;6003;48602;Via;Oliva;15122;San Giuliano Vecchio
A182;6003;59400;Via;Olmeto;15122;Valmadonna
A182;6003;35503;Via;Oratorio;15122;Casalbagliano
A182;6003;21304;Via;Orfanelle;15121;Centro
A182;6003;45302;Via;Orsi In Mandrogne;15122;Mandrogne
A182;6003;51105;Via;Osvaldo Remotti;15122;San Michele
A182;6003;62809;Via;Otello Finzi;15122;San Michele
A182;6003;61904;Via;Oviglio Di Villa Del Foro;15122;Villa Del Foro
A182;6003;59501;Via;Padiglione;15122;Valmadonna
A182;6003;21607;Via;Padova;15121;Centro
A182;6003;62742;Via;Padre Pio;15121;Norberto Rosa
A182;6003;43102;Via;Pagella;15122;Lobbi
A182;6003;21809;Via;Palermo;15121;Pista
A182;6003;21900;Via;Palestro;15121;Centro
A182;6003;39802;Via;Palestro Di Castelceriolo;15122;Castelceriolo
A182;6003;30214;Via;Palmiro Togliatti;15121;Norberto Rosa
A182;6003;47102;Via;Paolo Rossi In San Giuliano Nuovo;15122;San Giuliano Nuovo
A182;6003;26059;Via;Paolo Sacco;15121;Cristo
A182;6003;22101;Via;Parma;15121;Centro
A182;6003;43203;Via;Passalacqua;15122;Lobbi
A182;6003;22606;Via;Pastrengo;15121;Centro
A182;6003;23201;Via;Piacenza;15121;Centro
A182;6003;42204;Via;Piacenza Di Litta Parodi;15122;Litta Parodi
A182;6003;48703;Via;Piacenza Di San Giuliano Vecchio;15122;San Giuliano Vecchio
A182;6003;50803;Via;Piantaletti;15122;San Michele
A182;6003;23302;Via;Piave;15121;Centro
A182;6003;6150;Via;Pier Luigi Campi;15121;Cristo
A182;6003;34100;Via;Piero Boidi In Cantalupo;15122;Cantalupo
A182;6003;1100;Via;Pietro Abba' Cornaglia;15121;Pista
A182;6003;17688;Via;Pietro Mascagni;15121;Orti
A182;6003;18801;Via;Pietro Micca;15121;Europa
A182;6003;39501;Via;Pietro Milanese;15122;Castelceriolo
A182;6003;20828;Via;Pietro Morando;15121;Orti
A182;6003;34861;Via;Pietro Moro;15122;Cantalupo
A182;6003;21021;Via;Pietro Nenni;15121;Norberto Rosa
A182;6003;22202;Via;Pietro Parnisetti;15121;Pista
A182;6003;22303;Via;Pietro Parvopassu;15121;Orti
A182;6003;28303;Via;Pietro Sassi;15121;Orti
A182;6003;62720;Via;Pietro Torriano;15122;Castelceriolo
A182;6003;59602;Via;Pilipari;15122;Valmadonna
A182;6003;54203;Via;Pineroli;15122;Spinetta Marengo
A182;6003;46907;Via;Piovera;15122;San Giuliano Nuovo
A182;6003;56908;Via;Pissarotto;15122;Valle San Bartolomeo
A182;6003;23908;Via;Poligonia;15121;Orti
A182;6003;24200;Via;Pontida;15121;Centro
A182;6003;59703;Via;Porcellana;15122;Valmadonna
A182;6003;48905;Via;Porrona;15122;San Giuliano Vecchio
A182;6003;47003;Via;Prebenda;15122;San Giuliano Nuovo
A182;6003;59905;Via;Profumati;15122;Valmadonna
A182;6003;53112;Via;Prospero Gozzo;15122;Spinetta Marengo
A182;6003;50904;Via;Quaglia;15122;San Michele
A182;6003;51004;Via;Quargnento;15122;San Michele
A182;6003;54405;Via;Quartieruzzi;15122;Spinetta Marengo
A182;6003;60208;Via;Quattremola;15122;Valmadonna
A182;6003;35453;Via;Quattro Martiri;15122;Casalbagliano
A182;6003;16302;Via;Raffaele Lumelli;15121;Centro
A182;6003;62738;Via;Raffaello Giolli;15121;Borgo Cittadella
A182;6003;28105;Via;Raffaello Sanzio;15121;Cristo
A182;6003;49203;Via;Ramella;15122;San Giuliano Vecchio
A182;6003;40004;Via;Rana Di Castelceriolo;15122;Castelceriolo
A182;6003;40004;Via;Rana Di Castelceriolo;15122;Castelceriolo
A182;6003;62771;Via;Rana Di Spinetta Marengo;15122;Spinetta Marengo
A182;6003;60007;Via;Remigio;15122;Valmadonna
A182;6003;53608;Via;Renato Martorelli;15122;Spinetta Marengo
A182;6003;25102;Via;Rettoria;15121;Orti
A182;6003;16115;Via;Riccardo Lombardi;15121;Norberto Rosa
A182;6003;33202;Via;Riccardo Wagner;15121;Pista
A182;6003;2002;Via;Roberto Ardigo';15121;Pista
A182;6003;62803;Via;Roberto Di Ferro;15122;San Michele
A182;6003;13376;Via;Roberto Gandolfi;15121;Cristo
A182;6003;20709;Via;Rodolfo Montevecchio;15121;Centro
A182;6003;54607;Via;Romera;15122;Spinetta Marengo
A182;6003;60400;Via;Ronchetto;15122;Valmadonna
A182;6003;60501;Via;Ronco;15122;Valmadonna
A182;6003;53552;Via;Rosa Luxemburg;15122;Spinetta Marengo
A182;6003;23155;Via;Rosa Piacentini Rivera;15121;Galimberti
A182;6003;60602;Via;Sabbione;15122;Valmadonna
A182;6003;47201;Via;Sale Di San Giuliano Nuovo;15122;San Giuliano Nuovo
A182;6003;49302;Via;Sale Di San Giuliano Vecchio;15122;San Giuliano Vecchio
A182;6003;43607;Via;Sale Mandrina;15122;Lobbi
A182;6003;1254;Via;Salvo D'Acquisto;15121;Galimberti
A182;6003;26400;Via;San Baudolino;15121;Centro
A182;6003;26501;Via;San Dalmazzo;15121;Centro
A182;6003;62206;Via;San Damiano;15122;Villa Del Foro
A182;6003;26602;Via;San Francesco D'Assisi;15121;Centro
A182;6003;51802;Via;San Francesco D'Assisi In Spinetta Marengo;15122;Spinetta Marengo
A182;6003;26703;Via;San Giacomo;15121;Cristo
A182;6003;26202;Via;San Giacomo Della Vittoria;15121;Centro
A182;6003;40307;Via;San Giorgio;15122;Castelceriolo
A182;6003;26905;Via;San Giovanni Bosco;15121;Europa
A182;6003;26804;Via;San Giovanni Evangelista;15121;Cristo
A182;6003;40105;Via;San Giuliano Nuovo;15122;Castelceriolo
A182;6003;27005;Via;San Lorenzo;15121;Centro
A182;6003;27104;Via;San Pio Quinto;15121;Centro
A182;6003;60703;Via;San Vito;15122;Valmadonna
A182;6003;26103;Via;Santa Caterina Da Siena;15121;Centro
A182;6003;27500;Via;Santa Gorizia;15121;Centro
A182;6003;27702;Via;Santa Maria Di Castello;15121;Centro
A182;6003;57200;Via;Sant'Antonino;15122;Valle San Bartolomeo
A182;6003;54708;Via;Sant'Audina;15122;Spinetta Marengo
A182;6003;27904;Via;Santorre Di Santarosa;15121;Orti
A182;6003;27302;Via;Sant'Ubaldo;15121;Centro
A182;6003;62600;Via;Sardegna;15121;Pista
A182;6003;28501;Via;Savona;15121;Centro
A182;6003;12953;Via;Sebastiano Gaeta;15121;Cristo
A182;6003;25300;Via;Sebastiano Rivolta;15121;Pista
A182;6003;51206;Via;Sella;15122;San Michele
A182;6003;22808;Via;Silvio Pellico;15121;Pista
A182;6003;29106;Via;Simonini;15121;Cristo
A182;6003;40509;Via;Solferino;15122;Castelceriolo
A182;6003;16236;Via;Stellio Lozza;15121;Norberto Rosa
A182;6003;54900;Via;Stortigliona;15122;Spinetta Marengo
A182;6003;35806;Via;Tagliata;15122;Casalbagliano
A182;6003;7902;Via;Teresa Castellani;15121;Centro
A182;6003;9900;Via;Teresa Cuttica;15121;Cristo
A182;6003;44000;Via;Teresio Bovone;15122;Mandrogne
A182;6003;30508;Via;Torino;15121;Pista
A182;6003;51307;Via;Torino Di San Michele;15122;San Michele
A182;6003;51408;Via;Torre Vecchia;15122;San Michele
A182;6003;30609;Via;Tortona;15121;Centro
A182;6003;55101;Via;Tortona Di Spinetta Marengo;15122;Spinetta Marengo
A182;6003;30801;Via;Trento;15121;Pista
A182;6003;30902;Via;Treviso;15121;Centro
A182;6003;31002;Via;Trieste;15121;Pista
A182;6003;31103;Via;Tripoli;15121;Centro
A182;6003;40600;Via;Tripoli Di Castelceriolo;15122;Castelceriolo
A182;6003;31204;Via;Trotti;15121;Centro
A182;6003;12706;Via;Ugo Foscolo;15121;Pista
A182;6003;15323;Via;Ugo La Malfa;15121;Norberto Rosa
A182;6003;39701;Via;Ulderico Ollearo;15122;Castelceriolo
A182;6003;2806;Via;Umberto Barberis;15121;Norberto Rosa
A182;6003;10900;Via;Umberto De Foro;15121;Galimberti
A182;6003;14201;Via;Umberto Giordano;15121;Cristo
A182;6003;24907;Via;Umberto Recalcati;15121;Cristo
A182;6003;29876;Via;Umberto Terracini;15121;Norberto Rosa
A182;6003;24806;Via;Urbano Rattazzi;15121;Centro
A182;6003;60905;Via;Valle Quarta;15122;Valmadonna
A182;6003;61005;Via;Vallone;15122;Valmadonna
A182;6003;57503;Via;Valmigliaro Di Valle San Bartolomeo;15122;Valle San Bartolomeo
A182;6003;61106;Via;Valmigliaro Di Valmadonna;15122;Valmadonna
A182;6003;61207;Via;Varvara;15122;Valmadonna
A182;6003;57604;Via;Varza;15122;Valle San Bartolomeo
A182;6003;61261;Via;Vecchio Mulino;15122;Valmadonna
A182;6003;30205;Via;Vecellio Tiziano;15121;Centro
A182;6003;31709;Via;Venezia;15121;Centro
A182;6003;61308;Via;Venticella;15122;Valmadonna
A182;6003;55303;Via;Venticinque Aprile;15122;Spinetta Marengo
A182;6003;33404;Via;Ventiquattro Maggio;15121;Centro
A182;6003;49401;Via;Ventolina;15122;San Giuliano Vecchio
A182;6003;32001;Via;Verona;15121;Centro
A182;6003;32102;Via;Vescovado;15121;Centro
A182;6003;55202;Via;Vespa;15122;Spinetta Marengo
A182;6003;40701;Via;Vignagrande;15122;Castelceriolo
A182;6003;40802;Via;Villanova;15122;Castelceriolo
A182;6003;1908;Via;Vincenzo Annibaldi;15121;Cristo
A182;6003;3003;Via;Vincenzo Bellini;15121;Orti
A182;6003;7007;Via;Vincenzo Capriolo;15121;Cristo
A182;6003;14003;Via;Vincenzo Gioberti;15121;Cristo
A182;6003;32506;Via;Vinzaglio;15121;Orti
A182;6003;32750;Via;Vittime Delle Foibe;15121;Norberto Rosa
A182;6003;1504;Via;Vittorio Alfieri;15121;Centro
A182;6003;1706;Via;Vittorio Aliora;15121;Cristo
A182;6003;62714;Via;Vittorio Moccagatta;15121;Galimberti
A182;6003;40206;Via;Vittorio Sacchi;15122;Castelceriolo
A182;6003;40903;Via;Vittorio Veneto Di Castelceriolo;15122;Castelceriolo
A182;6003;33101;Via;Volturno;15121;Centro
A182;6003;57651;Via;Volvera;15122;Valle San Bartolomeo
A182;6003;53754;Via;Walter Guasta;15122;Spinetta Marengo
A182;6003;49500;Via;Zerbi;15122;San Giuliano Vecchio
A182;6003;42350;Via Vecchia;Alessandria;15122;Litta Parodi
A182;6003;62813;Via Vecchia;Bagliani;15121;Cristo
A182;6003;35907;Via Vecchia;Bagliani Di Casalbagliano;15122;Casalbagliano
A182;6003;31608;Via Vecchia;Torino;15121;Borgo Cittadella
A182;6003;25003;Viale;Della Repubblica;15121;Centro
A182;6003;68828;Viale;Della Valletta;15122;Spinetta Marengo
A182;6003;62731;Viale;Giovanni Falcone;15121;Norberto Rosa
A182;6003;100035;Viale;Italiani D'Oltremare;15121;Cristo
A182;6003;18304;Viale;Medaglie D'Oro;15121;Pista
A182;6003;19305;Viale;Milite Ignoto;15121;Orti
A182;6003;62732;Viale;Paolo Borsellino;15121;Norberto Rosa
A182;6003;18902;Viale;Teresa Michel;15121;Galimberti
A182;6003;30104;Viale;Tivoli;15121;Cristo
A182;6003;2503;Vicolo;Aulari;15121;Centro
A182;6003;37703;Vicolo;Belvedere;15122;Castelceriolo
A182;6003;37804;Vicolo;Bengasi;15122;Castelceriolo
A182;6003;6402;Vicolo;Canefri;15121;Centro
A182;6003;38203;Vicolo;Canestri;15122;Castelceriolo
A182;6003;62741;Vicolo;Castel Marengo;15122;Spinetta Marengo
A182;6003;62770;Vicolo;Dario Rossi In Castelceriolo;15122;Castelceriolo
A182;6003;62787;Vicolo;Dei Musicisti Alessandrini;15121;Centro
A182;6003;62758;Vicolo;Del Sughero;15122;Spinetta Marengo
A182;6003;55211;Vicolo;Della Vittoria;15122;Spinetta Marengo
A182;6003;37602;Vicolo;Dell'Albergo;15122;Castelceriolo
A182;6003;54001;Vicolo;Dell'Oro;15122;Spinetta Marengo
A182;6003;62802;Vicolo;Don Carlo Gnocchi;15122;San Giuliano Nuovo
A182;6003;62746;Vicolo;Don Paolo Toselli;15122;Spinetta Marengo
A182;6003;38803;Vicolo;Gamondio;15122;Castelceriolo
A182;6003;38904;Vicolo;Garofano;15122;Castelceriolo
A182;6003;37905;Vicolo;Giovanni Brezzi;15122;Castelceriolo
A182;6003;39204;Vicolo;Magenta;15122;Castelceriolo
A182;6003;23403;Vicolo;Pila;15121;Centro
A182;6003;24604;Vicolo;Quartieretto;15121;Centro
A182;6003;40408;Vicolo;San Rocco In Castelceriolo;15122;Castelceriolo
A182;6003;54809;Vicolo;Stivardi;15122;Spinetta Marengo
A182;6003;31451;Vicolo;Valle;15121;Centro
